Datum;DAX
17.01.1997;3006,87
20.01.1997;2999,19
21.01.1997;3000,66
22.01.1997;3026,63
23.01.1997;3037,28
24.01.1997;2982,63
27.01.1997;2992,55
28.01.1997;3028,27
29.01.1997;2997,95
30.01.1997;3018,58
31.01.1997;3037,7
03.02.1997;3064,7
04.02.1997;3067,48
05.02.1997;3114,73
06.02.1997;3124,78
07.02.1997;3161,36
10.02.1997;3185,72
11.02.1997;3191,45
12.02.1997;3211,01
13.02.1997;3256,86
14.02.1997;3249,17
17.02.1997;3260,3
18.02.1997;3230,83
19.02.1997;3209,04
20.02.1997;3197,09
21.02.1997;3203,79
24.02.1997;3180,63
25.02.1997;3233,34
26.02.1997;3245,02
27.02.1997;3272,58
28.02.1997;3261,04
03.03.1997;3258,74
04.03.1997;3345,09
05.03.1997;3375,45
06.03.1997;3396,55
07.03.1997;3419,51
10.03.1997;3426,77
11.03.1997;3430,95
12.03.1997;3382,4
13.03.1997;3367,82
14.03.1997;3404,29
17.03.1997;3337,11
18.03.1997;3289,59
19.03.1997;3305,72
20.03.1997;3247,03
21.03.1997;3288,52
24.03.1997;3302,57
25.03.1997;3374,93
26.03.1997;3439,22
27.03.1997;3407,83
28.03.1997;3407,83
31.03.1997;3407,83
01.04.1997;3281,46
02.04.1997;3210,94
03.04.1997;3212,82
04.04.1997;3235,35
07.04.1997;3342,77
08.04.1997;3328,13
09.04.1997;3364,76
10.04.1997;3352,58
11.04.1997;3319,24
14.04.1997;3297,52
15.04.1997;3369,26
16.04.1997;3347,54
17.04.1997;3361,8
18.04.1997;3361,2
21.04.1997;3328,41
22.04.1997;3348,9
23.04.1997;3366,87
24.04.1997;3396,49
25.04.1997;3357,57
28.04.1997;3372,96
29.04.1997;3425,86
30.04.1997;3438,09
01.05.1997;3438,09
02.05.1997;3491,08
05.05.1997;3565,69
06.05.1997;3548,52
07.05.1997;3537,45
08.05.1997;3537,45
09.05.1997;3533,21
12.05.1997;3593,14
13.05.1997;3559,29
14.05.1997;3588,57
15.05.1997;3564,85
16.05.1997;3569,26
19.05.1997;3569,26
20.05.1997;3516,2
21.05.1997;3600,4
22.05.1997;3575,44
23.05.1997;3621,72
26.05.1997;3669,31
27.05.1997;3665,43
28.05.1997;3626,6
29.05.1997;3635,38
30.05.1997;3562,73
02.06.1997;3596,4
03.06.1997;3655,59
04.06.1997;3651,59
05.06.1997;3684,6
06.06.1997;3700,53
09.06.1997;3668,61
10.06.1997;3671,16
11.06.1997;3671,87
12.06.1997;3737,16
13.06.1997;3752,37
16.06.1997;3750,02
17.06.1997;3721,18
18.06.1997;3730,56
19.06.1997;3777,56
20.06.1997;3788,54
23.06.1997;3748,79
24.06.1997;3761,07
25.06.1997;3819,52
26.06.1997;3820,16
27.06.1997;3809,92
30.06.1997;3766,89
01.07.1997;3834,84
02.07.1997;3867,53
03.07.1997;3939,73
04.07.1997;3946,73
07.07.1997;4003,35
08.07.1997;4030,1
09.07.1997;4026,97
10.07.1997;4000,65
11.07.1997;4074,3
14.07.1997;4142,19
15.07.1997;4139,68
16.07.1997;4223,69
17.07.1997;4203,91
18.07.1997;4131,94
21.07.1997;4139,96
22.07.1997;4297,64
23.07.1997;4384,82
24.07.1997;4320,52
25.07.1997;4368,54
28.07.1997;4400,3
29.07.1997;4377,7
30.07.1997;4458,66
31.07.1997;4405,52
01.08.1997;4336,98
04.08.1997;4302,5
05.08.1997;4325,86
06.08.1997;4364,25
07.08.1997;4428,08
08.08.1997;4342,31
11.08.1997;4333,15
12.08.1997;4377,51
13.08.1997;4237,06
14.08.1997;4195,53
15.08.1997;4077,59
18.08.1997;4080,55
19.08.1997;4190,45
20.08.1997;4251,93
21.08.1997;4204,81
22.08.1997;4090,14
25.08.1997;4076,75
26.08.1997;3993,7
27.08.1997;3992,03
28.08.1997;3897,43
29.08.1997;3919,79
01.09.1997;4001,81
02.09.1997;4127,28
03.09.1997;4062,13
04.09.1997;4093,43
05.09.1997;4073,71
08.09.1997;4131,26
09.09.1997;4104,57
10.09.1997;4028
11.09.1997;3890,24
12.09.1997;3796,61
15.09.1997;3869,53
16.09.1997;3995,69
17.09.1997;3970,44
18.09.1997;4004,04
19.09.1997;3983,06
22.09.1997;4096,85
23.09.1997;4091,77
24.09.1997;4150,95
25.09.1997;4104,93
26.09.1997;4135,09
29.09.1997;4116,52
30.09.1997;4154,89
01.10.1997;4262,98
02.10.1997;4266,17
03.10.1997;4266,17
06.10.1997;4326,35
07.10.1997;4311,13
08.10.1997;4267,4
09.10.1997;4179,92
10.10.1997;4164,62
13.10.1997;4225,27
14.10.1997;4215,23
15.10.1997;4168,62
16.10.1997;4149,92
17.10.1997;4049,16
20.10.1997;4069,25
21.10.1997;4172,47
22.10.1997;4124,86
23.10.1997;3976,38
24.10.1997;3981,44
27.10.1997;3871,39
28.10.1997;3645,69
29.10.1997;3806,66
30.10.1997;3748,88
31.10.1997;3753,66
03.11.1997;3847,73
04.11.1997;3784,8
05.11.1997;3841,39
06.11.1997;3813,88
07.11.1997;3715,38
10.11.1997;3728,37
11.11.1997;3734,79
12.11.1997;3697,48
13.11.1997;3701,94
14.11.1997;3676,65
17.11.1997;3816,71
18.11.1997;3844,14
19.11.1997;3876,9
20.11.1997;3931,81
21.11.1997;3941,91
24.11.1997;3832,1
25.11.1997;3850,14
26.11.1997;3926,93
27.11.1997;3961,97
28.11.1997;3972,08
01.12.1997;4125,92
02.12.1997;4096,4
03.12.1997;4074,55
04.12.1997;4159,72
05.12.1997;4191,81
08.12.1997;4208,14
09.12.1997;4187,13
10.12.1997;4116,7
11.12.1997;4016,7
12.12.1997;4061,91
15.12.1997;4029,08
16.12.1997;4150,31
17.12.1997;4154,57
18.12.1997;4162,92
19.12.1997;4055,35
22.12.1997;4125,54
23.12.1997;4132,79
24.12.1997;4132,79
25.12.1997;4132,79
26.12.1997;4132,79
29.12.1997;4266,02
30.12.1997;4224,3
31.12.1997;4224,3
01.01.1998;4224,3
02.01.1998;4364,32
05.01.1998;4416,95
06.01.1998;4360,05
07.01.1998;4339,98
08.01.1998;4293,64
09.01.1998;4237,75
12.01.1998;4134,64
13.01.1998;4150,01
14.01.1998;4145,41
15.01.1998;4140,22
16.01.1998;4216,24
19.01.1998;4290,05
20.01.1998;4310,83
21.01.1998;4250,47
22.01.1998;4238,77
23.01.1998;4222,16
26.01.1998;4266,34
27.01.1998;4316,05
28.01.1998;4385,29
29.01.1998;4444,53
30.01.1998;4442,53
02.02.1998;4529,88
03.02.1998;4529,18
04.02.1998;4509,25
05.02.1998;4494,72
06.02.1998;4536,91
09.02.1998;4519,56
10.02.1998;4558,62
11.02.1998;4552,46
12.02.1998;4509,37
13.02.1998;4522,42
16.02.1998;4535,56
17.02.1998;4627,42
18.02.1998;4611,66
19.02.1998;4581,08
20.02.1998;4583,03
23.02.1998;4610,66
24.02.1998;4604,55
25.02.1998;4704,58
26.02.1998;4695,78
27.02.1998;4693,86
02.03.1998;4781,62
03.03.1998;4759,62
04.03.1998;4690,52
05.03.1998;4676,42
06.03.1998;4762,71
09.03.1998;4828,89
10.03.1998;4852,22
11.03.1998;4862,41
12.03.1998;4838,67
13.03.1998;4872,24
16.03.1998;4905,59
17.03.1998;4945,91
18.03.1998;4908,55
19.03.1998;4949,91
20.03.1998;5045,16
23.03.1998;5014,13
24.03.1998;5064,35
25.03.1998;5114,13
26.03.1998;5029
27.03.1998;5066,9
30.03.1998;5069,89
31.03.1998;5097,25
01.04.1998;5135,35
02.04.1998;5179,04
03.04.1998;5254,32
06.04.1998;5345,89
07.04.1998;5309,67
08.04.1998;5267,35
09.04.1998;5312,25
10.04.1998;5312,25
13.04.1998;5312,25
14.04.1998;5367,98
15.04.1998;5359,24
16.04.1998;5292,97
17.04.1998;5326,63
20.04.1998;5407,93
21.04.1998;5373,8
22.04.1998;5312,28
23.04.1998;5262,57
24.04.1998;5144,42
27.04.1998;5002,71
28.04.1998;5110,88
29.04.1998;5083,8
30.04.1998;5241,23
01.05.1998;5241,23
04.05.1998;5337,75
05.05.1998;5226,2
06.05.1998;5264,62
07.05.1998;5164,89
08.05.1998;5270,61
11.05.1998;5348,75
12.05.1998;5307,82
13.05.1998;5371,99
14.05.1998;5374,11
15.05.1998;5414,31
18.05.1998;5343,66
19.05.1998;5441
20.05.1998;5514,51
21.05.1998;5514,51
22.05.1998;5530,19
25.05.1998;5592,46
26.05.1998;5639,89
27.05.1998;5466,88
28.05.1998;5507,36
29.05.1998;5556,99
01.06.1998;5556,99
02.06.1998;5583,83
03.06.1998;5640,42
04.06.1998;5605,38
05.06.1998;5724,75
08.06.1998;5787,05
09.06.1998;5773,77
10.06.1998;5799,22
11.06.1998;5799,22
12.06.1998;5631,34
15.06.1998;5581,24
16.06.1998;5621,71
17.06.1998;5742,83
18.06.1998;5689,89
19.06.1998;5644,22
22.06.1998;5648,11
23.06.1998;5748,34
24.06.1998;5784,4
25.06.1998;5886,72
26.06.1998;5870,49
29.06.1998;5933,73
30.06.1998;5841,83
01.07.1998;5910,51
02.07.1998;5905,15
03.07.1998;5961,45
06.07.1998;5942,06
07.07.1998;5975,88
08.07.1998;6018,89
09.07.1998;6000,84
10.07.1998;6001,24
13.07.1998;6023,31
14.07.1998;6101,9
15.07.1998;6106,1
16.07.1998;6108
17.07.1998;6162,86
20.07.1998;6186,09
21.07.1998;6184,1
22.07.1998;6081,11
23.07.1998;6043,82
24.07.1998;6040,58
27.07.1998;5854,35
28.07.1998;5867,52
29.07.1998;5828,74
30.07.1998;5906,33
31.07.1998;5861,19
03.08.1998;5774,38
04.08.1998;5718,7
05.08.1998;5614,77
06.08.1998;5528,12
07.08.1998;5598,32
10.08.1998;5460,43
11.08.1998;5285,78
12.08.1998;5386,94
13.08.1998;5355,03
14.08.1998;5473,72
17.08.1998;5432,03
18.08.1998;5602,15
19.08.1998;5601,93
20.08.1998;5486,76
21.08.1998;5190,6
24.08.1998;5253,38
25.08.1998;5407,03
26.08.1998;5247,62
27.08.1998;5012,73
28.08.1998;4925,8
31.08.1998;4811,28
01.09.1998;4855,9
02.09.1998;4948,51
03.09.1998;4797,13
04.09.1998;4864,97
07.09.1998;4945,74
08.09.1998;5095,62
09.09.1998;4958,44
10.09.1998;4744,05
11.09.1998;4754,65
14.09.1998;4893,51
15.09.1998;4851,56
16.09.1998;4872,18
17.09.1998;4629,03
18.09.1998;4623,37
21.09.1998;4439,13
22.09.1998;4549,23
23.09.1998;4722,96
24.09.1998;4611,34
25.09.1998;4584,41
28.09.1998;4677,56
29.09.1998;4600,33
30.09.1998;4430,91
01.10.1998;4094,62
02.10.1998;4019,31
05.10.1998;3970,99
06.10.1998;4185,39
07.10.1998;4064,16
08.10.1998;3861,89
09.10.1998;3973,44
12.10.1998;4271,63
13.10.1998;4253,12
14.10.1998;4371,1
15.10.1998;4391,64
16.10.1998;4469,12
19.10.1998;4466,18
20.10.1998;4657,86
21.10.1998;4534,55
22.10.1998;4449,12
23.10.1998;4480,43
26.10.1998;4579,64
27.10.1998;4682,7
28.10.1998;4564,12
29.10.1998;4569,73
30.10.1998;4690,99
02.11.1998;4762,47
03.11.1998;4709,32
04.11.1998;4878,24
05.11.1998;4795,28
06.11.1998;4809,73
09.11.1998;4762,38
10.11.1998;4681,34
11.11.1998;4705,32
12.11.1998;4645,89
13.11.1998;4643,8
16.11.1998;4785,76
17.11.1998;4718,34
18.11.1998;4700,69
19.11.1998;4805,69
20.11.1998;4911,43
23.11.1998;5024,51
24.11.1998;4954,54
25.11.1998;4956,53
26.11.1998;5067,99
27.11.1998;5159,21
30.11.1998;5026,14
01.12.1998;4777,18
02.12.1998;4712,2
03.12.1998;4812,34
04.12.1998;4802,76
07.12.1998;4721,17
08.12.1998;4708,19
09.12.1998;4676,57
10.12.1998;4650,3
11.12.1998;4543,02
14.12.1998;4563,26
15.12.1998;4569,7
16.12.1998;4686,74
17.12.1998;4732,11
18.12.1998;4666,74
21.12.1998;4826,7
22.12.1998;4879,47
23.12.1998;4978,62
24.12.1998;4978,62
25.12.1998;4978,62
28.12.1998;5040,15
29.12.1998;5056,2
30.12.1998;5006,57
31.12.1998;5006,57
01.01.1999;5006,57
04.01.1999;5290,36
05.01.1999;5263,41
06.01.1999;5442,9
07.01.1999;5345,71
08.01.1999;5370,51
11.01.1999;5266,47
12.01.1999;5196,13
13.01.1999;4982,12
14.01.1999;4902,75
15.01.1999;4973,78
18.01.1999;5076,85
19.01.1999;5038,45
20.01.1999;5197,15
21.01.1999;5163,45
22.01.1999;5008,21
25.01.1999;4988,59
26.01.1999;5001,19
27.01.1999;5038,21
28.01.1999;5080,93
29.01.1999;5180,29
01.02.1999;5239,6
02.02.1999;5164,95
03.02.1999;5090,07
04.02.1999;5061,28
05.02.1999;5097,48
08.02.1999;5052,44
09.02.1999;4850,67
10.02.1999;4814,04
11.02.1999;4869,29
12.02.1999;4896,74
15.02.1999;4888,95
16.02.1999;4895,11
17.02.1999;4820,42
18.02.1999;4871,09
19.02.1999;4823,26
22.02.1999;4887,7
23.02.1999;5012,6
24.02.1999;5058,29
25.02.1999;4918,55
26.02.1999;4903,96
01.03.1999;4779,07
02.03.1999;4797,84
03.03.1999;4668,52
04.03.1999;4722,69
05.03.1999;4840,81
08.03.1999;4791,43
09.03.1999;4790,47
10.03.1999;4730,05
11.03.1999;4785,37
12.03.1999;5031,06
15.03.1999;5043,23
16.03.1999;5090,93
17.03.1999;5062,59
18.03.1999;5025,79
19.03.1999;5108,75
22.03.1999;5034,68
23.03.1999;4870,49
24.03.1999;4797,33
25.03.1999;4863,81
26.03.1999;4799,59
29.03.1999;4867,21
30.03.1999;4841,2
31.03.1999;4865,27
01.04.1999;4901,81
02.04.1999;4901,81
05.04.1999;4901,81
06.04.1999;5022,27
07.04.1999;5027,25
08.04.1999;5067,76
09.04.1999;5133,92
12.04.1999;5167,55
13.04.1999;5225,22
14.04.1999;5186,76
15.04.1999;5189,72
16.04.1999;5143,02
19.04.1999;5252,4
20.04.1999;5101,41
21.04.1999;5175,57
22.04.1999;5226,64
23.04.1999;5187,89
26.04.1999;5269,12
27.04.1999;5364,81
28.04.1999;5352,72
29.04.1999;5323,06
30.04.1999;5360,44
03.05.1999;5383,22
04.05.1999;5377,4
05.05.1999;5295,22
06.05.1999;5275,57
07.05.1999;5276,5
10.05.1999;5261,01
11.05.1999;5297,49
12.05.1999;5249,24
13.05.1999;5249,24
14.05.1999;5183,49
17.05.1999;5102
18.05.1999;5160,47
19.05.1999;5213,3
20.05.1999;5243,21
21.05.1999;5253,77
24.05.1999;5253,77
25.05.1999;5165,72
26.05.1999;5183,08
27.05.1999;5064,31
28.05.1999;5070,98
31.05.1999;5068,59
01.06.1999;5010,71
02.06.1999;5040,34
03.06.1999;5040,34
04.06.1999;5124,13
07.06.1999;5212,86
08.06.1999;5196,93
09.06.1999;5250,63
10.06.1999;5201,49
11.06.1999;5296,01
14.06.1999;5291,52
15.06.1999;5344,92
16.06.1999;5382,67
17.06.1999;5415,51
18.06.1999;5337,19
21.06.1999;5468,47
22.06.1999;5468,67
23.06.1999;5399,11
24.06.1999;5327,6
25.06.1999;5301,21
28.06.1999;5356,95
29.06.1999;5359,53
30.06.1999;5378,52
01.07.1999;5480,22
02.07.1999;5519,05
05.07.1999;5625,65
06.07.1999;5613,92
07.07.1999;5588,5
08.07.1999;5561,02
09.07.1999;5650,31
12.07.1999;5652,02
13.07.1999;5569,51
14.07.1999;5610,89
15.07.1999;5619,26
16.07.1999;5619,94
19.07.1999;5624,74
20.07.1999;5503,36
21.07.1999;5436,42
22.07.1999;5341,39
23.07.1999;5344,88
26.07.1999;5164,76
27.07.1999;5225,05
28.07.1999;5229,56
29.07.1999;5046,88
30.07.1999;5103,7
02.08.1999;5118,1
03.08.1999;5107,68
04.08.1999;5119,37
05.08.1999;4977,18
06.08.1999;5010,47
09.08.1999;5087,3
10.08.1999;5000,87
11.08.1999;5013,47
12.08.1999;5117,59
13.08.1999;5219,43
16.08.1999;5257,1
17.08.1999;5259,91
18.08.1999;5230,47
19.08.1999;5186,85
20.08.1999;5219,85
23.08.1999;5301,98
24.08.1999;5324,02
25.08.1999;5400,32
26.08.1999;5389,34
27.08.1999;5420,36
30.08.1999;5392,53
31.08.1999;5270,77
01.09.1999;5317,12
02.09.1999;5189,92
03.09.1999;5336,22
06.09.1999;5400,55
07.09.1999;5391,36
08.09.1999;5400,7
09.09.1999;5436,86
10.09.1999;5483,95
13.09.1999;5446,91
14.09.1999;5401,47
15.09.1999;5387,18
16.09.1999;5304,42
17.09.1999;5303,94
20.09.1999;5351,98
21.09.1999;5282,76
22.09.1999;5238,76
23.09.1999;5299,57
24.09.1999;5190,2
27.09.1999;5239,64
28.09.1999;5119,1
29.09.1999;5135,62
30.09.1999;5149,83
01.10.1999;5124,55
04.10.1999;5218,86
05.10.1999;5301,85
06.10.1999;5353,32
07.10.1999;5419,31
08.10.1999;5419,26
11.10.1999;5414,5
12.10.1999;5358,46
13.10.1999;5295,43
14.10.1999;5220,29
15.10.1999;5184,23
18.10.1999;5156,28
19.10.1999;5296,91
20.10.1999;5291,23
21.10.1999;5246,49
22.10.1999;5357,75
25.10.1999;5320,4
26.10.1999;5388,76
27.10.1999;5363,86
28.10.1999;5478,89
29.10.1999;5525,4
01.11.1999;5524,92
02.11.1999;5546,95
03.11.1999;5560,87
04.11.1999;5635,62
05.11.1999;5658,1
08.11.1999;5647,94
09.11.1999;5694,73
10.11.1999;5742,42
11.11.1999;5802,36
12.11.1999;5791,05
15.11.1999;5859,29
16.11.1999;5909,52
17.11.1999;5870,17
18.11.1999;5950,05
19.11.1999;5955,97
22.11.1999;5819,89
23.11.1999;5814,74
24.11.1999;5818,73
25.11.1999;5961,45
26.11.1999;5958,07
29.11.1999;5888,88
30.11.1999;5896,04
01.12.1999;5933,84
02.12.1999;5937,2
03.12.1999;6119,17
06.12.1999;6142,19
07.12.1999;6158,77
08.12.1999;6115,59
09.12.1999;6118,06
10.12.1999;6097,9
13.12.1999;6127,2
14.12.1999;6187,99
15.12.1999;6232,75
16.12.1999;6341,29
17.12.1999;6353,9
20.12.1999;6378,66
21.12.1999;6418,68
22.12.1999;6492,53
23.12.1999;6782,39
24.12.1999;6782,39
27.12.1999;6837,41
28.12.1999;6861,54
29.12.1999;6859,58
30.12.1999;6958,14
31.12.1999;6958,14
03.01.2000;6750,76
04.01.2000;6586,95
05.01.2000;6502,07
06.01.2000;6474,92
07.01.2000;6780,96
10.01.2000;6925,52
11.01.2000;6891,25
12.01.2000;6912,81
13.01.2000;6955,98
14.01.2000;7173,22
17.01.2000;7258,9
18.01.2000;7072,12
19.01.2000;7091,04
20.01.2000;7112,66
21.01.2000;6992,75
24.01.2000;6931,99
25.01.2000;6809,64
26.01.2000;6969,37
27.01.2000;7126,13
28.01.2000;7066,6
31.01.2000;6835,6
01.02.2000;7050,46
02.02.2000;7171,95
03.02.2000;7354,26
04.02.2000;7444,61
07.02.2000;7296,32
08.02.2000;7549,88
09.02.2000;7629,11
10.02.2000;7709,27
11.02.2000;7611,55
14.02.2000;7644,8
15.02.2000;7396,13
16.02.2000;7490,32
17.02.2000;7580,53
18.02.2000;7573,78
21.02.2000;7590,53
22.02.2000;7607,94
23.02.2000;7698,97
24.02.2000;7640,53
25.02.2000;7738,68
28.02.2000;7587,13
29.02.2000;7644,55
01.03.2000;7727,93
02.03.2000;7945,77
03.03.2000;7960,03
06.03.2000;7975,78
07.03.2000;8064,97
08.03.2000;7987
09.03.2000;7949,15
10.03.2000;7975,95
13.03.2000;7693,85
14.03.2000;7650,05
15.03.2000;7414,46
16.03.2000;7583,96
17.03.2000;7710,92
20.03.2000;7872,38
21.03.2000;7807,93
22.03.2000;7798,62
23.03.2000;7694,78
24.03.2000;7932,42
27.03.2000;7892,49
28.03.2000;7931,93
29.03.2000;7864,76
30.03.2000;7644,89
31.03.2000;7599,39
03.04.2000;7429,22
04.04.2000;7522,8
05.04.2000;7330,77
06.04.2000;7446,21
07.04.2000;7522,2
10.04.2000;7516,95
11.04.2000;7442,66
12.04.2000;7443,07
13.04.2000;7449,06
14.04.2000;7214,83
17.04.2000;7187,14
18.04.2000;7196,49
19.04.2000;7216,71
20.04.2000;7157,95
21.04.2000;7157,95
24.04.2000;7157,95
25.04.2000;7280,51
26.04.2000;7388,55
27.04.2000;7221,74
28.04.2000;7414,68
01.05.2000;7414,68
02.05.2000;7555,92
03.05.2000;7376,93
04.05.2000;7386,71
05.05.2000;7530,82
08.05.2000;7408,09
09.05.2000;7280,54
10.05.2000;7120,86
11.05.2000;7259,48
12.05.2000;7269,28
15.05.2000;7195,15
16.05.2000;7371,06
17.05.2000;7211,51
18.05.2000;7181,58
19.05.2000;6989,03
22.05.2000;6912,96
23.05.2000;6927,69
24.05.2000;6834,88
25.05.2000;6978,87
26.05.2000;6938,33
29.05.2000;7016,66
30.05.2000;7119,26
31.05.2000;7109,67
01.06.2000;7272,76
02.06.2000;7438,95
05.06.2000;7408,02
06.06.2000;7359,8
07.06.2000;7292,98
08.06.2000;7243,13
09.06.2000;7254,53
12.06.2000;7235,64
13.06.2000;7268,91
14.06.2000;7350,94
15.06.2000;7328,62
16.06.2000;7160,62
19.06.2000;7198,8
20.06.2000;7227,27
21.06.2000;7100,09
22.06.2000;7053,67
23.06.2000;6980,41
26.06.2000;6886,69
27.06.2000;7048,96
28.06.2000;7056,05
29.06.2000;6874,54
30.06.2000;6898,21
03.07.2000;6958,96
04.07.2000;6944,36
05.07.2000;6961,73
06.07.2000;6951,09
07.07.2000;7052,22
10.07.2000;7070,82
11.07.2000;7003,98
12.07.2000;7065,97
13.07.2000;7195,99
14.07.2000;7318,38
17.07.2000;7430,7
18.07.2000;7406,91
19.07.2000;7366,57
20.07.2000;7480,14
21.07.2000;7373,26
24.07.2000;7328,31
25.07.2000;7329,04
26.07.2000;7302,12
27.07.2000;7183,44
28.07.2000;7128,3
31.07.2000;7190,37
01.08.2000;7145,53
02.08.2000;7112,45
03.08.2000;7037,91
04.08.2000;7016,59
07.08.2000;7113,22
08.08.2000;7123,81
09.08.2000;7226,71
10.08.2000;7280,97
11.08.2000;7322,98
14.08.2000;7331,67
15.08.2000;7307,43
16.08.2000;7315,27
17.08.2000;7278,43
18.08.2000;7232,42
21.08.2000;7199,34
22.08.2000;7249,2
23.08.2000;7232,78
24.08.2000;7230,26
25.08.2000;7307,17
28.08.2000;7339,22
29.08.2000;7294,4
30.08.2000;7185,56
31.08.2000;7216,45
01.09.2000;7344,67
04.09.2000;7445,56
05.09.2000;7395,07
06.09.2000;7333,02
07.09.2000;7373,34
08.09.2000;7267,77
11.09.2000;7214,45
12.09.2000;7135,75
13.09.2000;7006,26
14.09.2000;7048,5
15.09.2000;6999,54
18.09.2000;6891,69
19.09.2000;6937,74
20.09.2000;6765,23
21.09.2000;6682,92
22.09.2000;6740,25
25.09.2000;6788,69
26.09.2000;6765,04
27.09.2000;6814,06
28.09.2000;6832,76
29.09.2000;6798,12
02.10.2000;6862,26
03.10.2000;6862,26
04.10.2000;6823,43
05.10.2000;6892,49
06.10.2000;6776,39
09.10.2000;6680,78
10.10.2000;6673,15
11.10.2000;6561,63
12.10.2000;6465,26
13.10.2000;6661,3
16.10.2000;6627,25
17.10.2000;6531,71
18.10.2000;6483
19.10.2000;6619,43
20.10.2000;6618,43
23.10.2000;6620,87
24.10.2000;6802,81
25.10.2000;6748,22
26.10.2000;6767,9
27.10.2000;6924,68
30.10.2000;6926,57
31.10.2000;7077,44
01.11.2000;7059,07
02.11.2000;7088,64
03.11.2000;7128,27
06.11.2000;7136,3
07.11.2000;7076,28
08.11.2000;7008,64
09.11.2000;6959,5
10.11.2000;6851,69
13.11.2000;6742,1
14.11.2000;6966,65
15.11.2000;6961,09
16.11.2000;6842,11
17.11.2000;6752,29
20.11.2000;6609,48
21.11.2000;6678,07
22.11.2000;6510,54
23.11.2000;6601
24.11.2000;6664,18
27.11.2000;6696,91
28.11.2000;6625,56
29.11.2000;6598,32
30.11.2000;6372,33
01.12.2000;6512,91
04.12.2000;6408,1
05.12.2000;6637,09
06.12.2000;6622,25
07.12.2000;6566,08
08.12.2000;6691,25
11.12.2000;6782,52
12.12.2000;6733,59
13.12.2000;6620,21
14.12.2000;6469,95
15.12.2000;6331,3
18.12.2000;6390,25
19.12.2000;6479,28
20.12.2000;6248,76
21.12.2000;6200,71
22.12.2000;6251,4
25.12.2000;6251,4
26.12.2000;6251,4
27.12.2000;6328,16
28.12.2000;6371,64
29.12.2000;6433,61
01.01.2001;6433,61
02.01.2001;6289,82
03.01.2001;6434,96
04.01.2001;6376,54
05.01.2001;6382,31
08.01.2001;6392,17
09.01.2001;6404,52
10.01.2001;6320,07
11.01.2001;6465,21
12.01.2001;6490,03
15.01.2001;6522,87
16.01.2001;6502,89
17.01.2001;6653,38
18.01.2001;6635,76
19.01.2001;6651,53
22.01.2001;6675
23.01.2001;6722,41
24.01.2001;6706,67
25.01.2001;6727,49
26.01.2001;6695,2
29.01.2001;6750,96
30.01.2001;6739,3
31.01.2001;6795,14
01.02.2001;6704,68
02.02.2001;6638,2
05.02.2001;6628,07
06.02.2001;6693,03
07.02.2001;6578,96
08.02.2001;6636,81
09.02.2001;6497,07
12.02.2001;6564,91
13.02.2001;6557,93
14.02.2001;6479,87
15.02.2001;6591,67
16.02.2001;6439,26
19.02.2001;6472,21
20.02.2001;6451,57
21.02.2001;6347,99
22.02.2001;6277,99
23.02.2001;6075,34
26.02.2001;6189,07
27.02.2001;6220,48
28.02.2001;6208,24
01.03.2001;6123,38
02.03.2001;6159,02
05.03.2001;6216,38
06.03.2001;6284,06
07.03.2001;6305,64
08.03.2001;6267,06
09.03.2001;6204,42
12.03.2001;6046,56
13.03.2001;5962,93
14.03.2001;5794,12
15.03.2001;5889,95
16.03.2001;5734,49
19.03.2001;5657,29
20.03.2001;5782,16
21.03.2001;5622,09
22.03.2001;5388,02
23.03.2001;5544,67
26.03.2001;5726,97
27.03.2001;5938,21
28.03.2001;5817,52
29.03.2001;5879,3
30.03.2001;5829,95
02.04.2001;5760,76
03.04.2001;5553,46
04.04.2001;5597,66
05.04.2001;5773,34
06.04.2001;5698,88
09.04.2001;5781,01
10.04.2001;5913,84
11.04.2001;5951,16
12.04.2001;6002,3
13.04.2001;6002,3
16.04.2001;6002,3
17.04.2001;5935,58
18.04.2001;6164,88
19.04.2001;6181,91
20.04.2001;6127,97
23.04.2001;6051,48
24.04.2001;6124,57
25.04.2001;6115,19
26.04.2001;6123,66
27.04.2001;6175,24
30.04.2001;6264,51
01.05.2001;6264,51
02.05.2001;6213,84
03.05.2001;6089,17
04.05.2001;6138,28
07.05.2001;6122,62
08.05.2001;6108,72
09.05.2001;6063,94
10.05.2001;6165,18
11.05.2001;6141,02
14.05.2001;6064,68
15.05.2001;6070,38
16.05.2001;6148,44
17.05.2001;6173,81
18.05.2001;6186,87
21.05.2001;6249,87
22.05.2001;6270,59
23.05.2001;6215,25
24.05.2001;6278,9
25.05.2001;6223,57
28.05.2001;6216,83
29.05.2001;6120,33
30.05.2001;6041,22
31.05.2001;6123,26
01.06.2001;6125,17
04.06.2001;6177,74
05.06.2001;6242,13
06.06.2001;6192,44
07.06.2001;6184,25
08.06.2001;6187,21
11.06.2001;6162,74
12.06.2001;6059,15
13.06.2001;6111,94
14.06.2001;6031,27
15.06.2001;5915,18
18.06.2001;5869,04
19.06.2001;5922,53
20.06.2001;5876,04
21.06.2001;5926,38
22.06.2001;5941,77
25.06.2001;5902,32
26.06.2001;5847,79
27.06.2001;5833,1
28.06.2001;5971,77
29.06.2001;6058,38
02.07.2001;6109,5
03.07.2001;6056,84
04.07.2001;6015,72
05.07.2001;5999,19
06.07.2001;5862,1
09.07.2001;5869,86
10.07.2001;5816,32
11.07.2001;5801,8
12.07.2001;5889,88
13.07.2001;5928,01
16.07.2001;5853,76
17.07.2001;5846,66
18.07.2001;5728,37
19.07.2001;5829,69
20.07.2001;5764,06
23.07.2001;5791,73
24.07.2001;5663,26
25.07.2001;5582,76
26.07.2001;5675,76
27.07.2001;5754,86
30.07.2001;5792,19
31.07.2001;5861,19
01.08.2001;5835,23
02.08.2001;5777,28
03.08.2001;5735,88
06.08.2001;5746,04
07.08.2001;5752,51
08.08.2001;5614,51
09.08.2001;5512,28
10.08.2001;5433,49
13.08.2001;5453,77
14.08.2001;5520,71
15.08.2001;5455,44
16.08.2001;5361,92
17.08.2001;5222,12
20.08.2001;5207,83
21.08.2001;5216,11
22.08.2001;5220,21
23.08.2001;5254,04
24.08.2001;5387,5
27.08.2001;5406,47
28.08.2001;5308,78
29.08.2001;5305
30.08.2001;5162,4
31.08.2001;5188,17
03.09.2001;5094,1
04.09.2001;5208,1
05.09.2001;5048,08
06.09.2001;4875,37
07.09.2001;4730,67
10.09.2001;4670,13
11.09.2001;4273,53
12.09.2001;4335,2
13.09.2001;4392,4
14.09.2001;4115,98
17.09.2001;4234,55
18.09.2001;4194,85
19.09.2001;4041,8
20.09.2001;3809,67
21.09.2001;3787,23
24.09.2001;4038,69
25.09.2001;4009,12
26.09.2001;4095,32
27.09.2001;4184,5
28.09.2001;4308,15
01.10.2001;4239,97
02.10.2001;4304,2
03.10.2001;4436,66
04.10.2001;4548,13
05.10.2001;4487,69
08.10.2001;4495,15
09.10.2001;4472,42
10.10.2001;4613,19
11.10.2001;4718,46
12.10.2001;4625,13
15.10.2001;4548,48
16.10.2001;4626,48
17.10.2001;4644,82
18.10.2001;4574,37
19.10.2001;4513,53
22.10.2001;4619,32
23.10.2001;4704,22
24.10.2001;4811,82
25.10.2001;4715,6
26.10.2001;4820,26
29.10.2001;4660,35
30.10.2001;4543,98
31.10.2001;4559,13
01.11.2001;4636,13
02.11.2001;4583,31
05.11.2001;4755,11
06.11.2001;4707,65
07.11.2001;4860,66
08.11.2001;4993,57
09.11.2001;4910,07
12.11.2001;4820,37
13.11.2001;4946,97
14.11.2001;4953,53
15.11.2001;5006,33
16.11.2001;5062,64
19.11.2001;5185,1
20.11.2001;5096,18
21.11.2001;5087,03
22.11.2001;5124,54
23.11.2001;5150,97
26.11.2001;5114,12
27.11.2001;5059,57
28.11.2001;4915,95
29.11.2001;4936,08
30.11.2001;4989,91
03.12.2001;4988,44
04.12.2001;5013,99
05.12.2001;5262,75
06.12.2001;5271,29
07.12.2001;5199,03
10.12.2001;5124,68
11.12.2001;5146,45
12.12.2001;5062,56
13.12.2001;4966,05
14.12.2001;4909,42
17.12.2001;5067,99
18.12.2001;5039,64
19.12.2001;4984,69
20.12.2001;4934,14
21.12.2001;5019,01
24.12.2001;5019,01
25.12.2001;5019,01
26.12.2001;5019,01
27.12.2001;5117,13
28.12.2001;5160,1
31.12.2001;5160,1
01.01.2002;5160,1
02.01.2002;5167,88
03.01.2002;5270,29
04.01.2002;5318,73
07.01.2002;5232,22
08.01.2002;5236,37
09.01.2002;5288,21
10.01.2002;5228,11
11.01.2002;5209,97
14.01.2002;5065,84
15.01.2002;5062,04
16.01.2002;4984,2
17.01.2002;5133,4
18.01.2002;5122,23
21.01.2002;5069,74
22.01.2002;5045,72
23.01.2002;5163,03
24.01.2002;5170,44
25.01.2002;5156,63
28.01.2002;5159,02
29.01.2002;5084,52
30.01.2002;5052,2
31.01.2002;5107,61
01.02.2002;5097,06
04.02.2002;4984,48
05.02.2002;4936,75
06.02.2002;4804,41
07.02.2002;4862,62
08.02.2002;4835,95
11.02.2002;4940
12.02.2002;4884,78
13.02.2002;4935,35
14.02.2002;4973,77
15.02.2002;4862,6
18.02.2002;4871,76
19.02.2002;4764,05
20.02.2002;4780,24
21.02.2002;4850,73
22.02.2002;4745,58
25.02.2002;4863,54
26.02.2002;4897,75
27.02.2002;4960,22
28.02.2002;5039,08
01.03.2002;5097,41
04.03.2002;5245,84
05.03.2002;5228,67
06.03.2002;5285,26
07.03.2002;5289,43
08.03.2002;5359,55
11.03.2002;5340,67
12.03.2002;5275,81
13.03.2002;5245,99
14.03.2002;5276,87
15.03.2002;5401,11
18.03.2002;5426,04
19.03.2002;5462,55
20.03.2002;5364,7
21.03.2002;5348,68
22.03.2002;5366,13
25.03.2002;5317,38
26.03.2002;5390,59
27.03.2002;5348
28.03.2002;5397,29
29.03.2002;5397,29
01.04.2002;5397,29
02.04.2002;5311,08
03.04.2002;5281,84
04.04.2002;5254,95
05.04.2002;5260,53
08.04.2002;5180,33
09.04.2002;5170,25
10.04.2002;5265,36
11.04.2002;5162,96
12.04.2002;5189,65
15.04.2002;5244,2
16.04.2002;5343,88
17.04.2002;5318,55
18.04.2002;5262,88
19.04.2002;5284,55
22.04.2002;5205,48
23.04.2002;5192,1
24.04.2002;5160,14
25.04.2002;5054,41
26.04.2002;5000,38
29.04.2002;5008,04
30.04.2002;5041,2
01.05.2002;5041,2
02.05.2002;4964,56
03.05.2002;4882,77
06.05.2002;4880,67
07.05.2002;4872,41
08.05.2002;5028,59
09.05.2002;4966,48
10.05.2002;4871,7
13.05.2002;4975,48
14.05.2002;5049,08
15.05.2002;5072,39
16.05.2002;5047,45
17.05.2002;5036,41
20.05.2002;4998,99
21.05.2002;4984,61
22.05.2002;4919,5
23.05.2002;4879,5
24.05.2002;4899,13
27.05.2002;4961,54
28.05.2002;4918,58
29.05.2002;4881,8
30.05.2002;4761,96
31.05.2002;4818,3
03.06.2002;4747,95
04.06.2002;4625,79
05.06.2002;4624,31
06.06.2002;4657,52
07.06.2002;4610,18
10.06.2002;4589,26
11.06.2002;4606,09
12.06.2002;4510,19
13.06.2002;4470,14
14.06.2002;4303,85
17.06.2002;4475,1
18.06.2002;4433,85
19.06.2002;4354,82
20.06.2002;4245,68
21.06.2002;4232,4
24.06.2002;4127,21
25.06.2002;4202,97
26.06.2002;4099,05
27.06.2002;4259,43
28.06.2002;4382,56
01.07.2002;4366,81
02.07.2002;4195,95
03.07.2002;4138,15
04.07.2002;4258,62
05.07.2002;4483,03
08.07.2002;4442,33
09.07.2002;4369,76
10.07.2002;4190,22
11.07.2002;4118,5
12.07.2002;4130,8
15.07.2002;3912,51
16.07.2002;3977,75
17.07.2002;4092,82
18.07.2002;4100,75
19.07.2002;3891,88
22.07.2002;3691,43
23.07.2002;3515,83
24.07.2002;3632,66
25.07.2002;3520,46
26.07.2002;3579
29.07.2002;3859,78
30.07.2002;3878,94
31.07.2002;3700,14
01.08.2002;3606,45
02.08.2002;3532,49
05.08.2002;3332,65
06.08.2002;3568,64
07.08.2002;3465,54
08.08.2002;3679,26
09.08.2002;3760,86
12.08.2002;3647,13
13.08.2002;3683,21
14.08.2002;3589,92
15.08.2002;3665,74
16.08.2002;3684,69
19.08.2002;3837,67
20.08.2002;3768,51
21.08.2002;3868,17
22.08.2002;3906,55
23.08.2002;3828,26
26.08.2002;3783,84
27.08.2002;3851,34
28.08.2002;3682,84
29.08.2002;3660,95
30.08.2002;3712,94
02.09.2002;3609,41
03.09.2002;3398,99
04.09.2002;3425,9
05.09.2002;3354,71
06.09.2002;3485,68
09.09.2002;3429,22
10.09.2002;3494,69
11.09.2002;3584,69
12.09.2002;3421,87
13.09.2002;3361,28
16.09.2002;3319,05
17.09.2002;3289,13
18.09.2002;3124,92
19.09.2002;3007,47
20.09.2002;3065,73
23.09.2002;2914,25
24.09.2002;2873,21
25.09.2002;2962,5
26.09.2002;3020,6
27.09.2002;2918,9
30.09.2002;2769,03
01.10.2002;2865,23
02.10.2002;2926,74
03.10.2002;2813,3
04.10.2002;2714,62
07.10.2002;2667,39
08.10.2002;2622,09
09.10.2002;2597,88
10.10.2002;2733,19
11.10.2002;2930,74
14.10.2002;2850,11
15.10.2002;3048,27
16.10.2002;3008,93
17.10.2002;3172,46
18.10.2002;3163,67
21.10.2002;3282,67
22.10.2002;3155,97
23.10.2002;3015,42
24.10.2002;3090,01
25.10.2002;3102,01
28.10.2002;3198,96
29.10.2002;3022,01
30.10.2002;3113,59
31.10.2002;3152,85
01.11.2002;3165,16
04.11.2002;3327,94
05.11.2002;3351,32
06.11.2002;3298,84
07.11.2002;3155,66
08.11.2002;3079,1
11.11.2002;3042,06
12.11.2002;3115,88
13.11.2002;3066,42
14.11.2002;3188,39
15.11.2002;3191,76
18.11.2002;3218,36
19.11.2002;3206,93
20.11.2002;3212,99
21.11.2002;3304,63
22.11.2002;3320,88
25.11.2002;3299,24
26.11.2002;3191,63
27.11.2002;3346,14
28.11.2002;3360,76
29.11.2002;3320,32
02.12.2002;3380,2
03.12.2002;3280,49
04.12.2002;3320,75
05.12.2002;3224,74
06.12.2002;3207,53
09.12.2002;3065,57
10.12.2002;3167,99
11.12.2002;3196,05
12.12.2002;3111,88
13.12.2002;3077,06
16.12.2002;3205,29
17.12.2002;3139,97
18.12.2002;3022,69
19.12.2002;2961,41
20.12.2002;3024,22
23.12.2002;3000,84
24.12.2002;3000,84
25.12.2002;3000,84
26.12.2002;3000,84
27.12.2002;2840
30.12.2002;2892,63
31.12.2002;2892,63
01.01.2003;2892,63
02.01.2003;3105,04
03.01.2003;3092,94
06.01.2003;3157,25
07.01.2003;3112,77
08.01.2003;2993
09.01.2003;3037,68
10.01.2003;3037,33
13.01.2003;3060,65
14.01.2003;3098,72
15.01.2003;3049,4
16.01.2003;3054,11
17.01.2003;2918,82
20.01.2003;2893,55
21.01.2003;2870,57
22.01.2003;2803,25
23.01.2003;2811,22
24.01.2003;2717,82
27.01.2003;2643,8
28.01.2003;2671,36
29.01.2003;2706,57
30.01.2003;2693,78
31.01.2003;2747,83
03.02.2003;2751,99
04.02.2003;2632,98
05.02.2003;2725,88
06.02.2003;2649
07.02.2003;2569,34
10.02.2003;2586,09
11.02.2003;2627
12.02.2003;2571,25
13.02.2003;2555,27
14.02.2003;2674,46
17.02.2003;2708,97
18.02.2003;2740,14
19.02.2003;2624,65
20.02.2003;2591,26
21.02.2003;2648,87
24.02.2003;2571,35
25.02.2003;2485,5
26.02.2003;2450,2
27.02.2003;2513,22
28.02.2003;2547,05
03.03.2003;2549,65
04.03.2003;2501,03
05.03.2003;2498,02
06.03.2003;2437,51
07.03.2003;2431,66
10.03.2003;2329,04
11.03.2003;2305,3
12.03.2003;2202,96
13.03.2003;2354,31
14.03.2003;2403,19
17.03.2003;2487,12
18.03.2003;2584,61
19.03.2003;2615,22
20.03.2003;2604,85
21.03.2003;2715,06
24.03.2003;2548,37
25.03.2003;2636,1
26.03.2003;2579,33
27.03.2003;2584,05
28.03.2003;2520,84
31.03.2003;2423,87
01.04.2003;2450,19
02.04.2003;2589,35
03.04.2003;2569,81
04.04.2003;2654,07
07.04.2003;2808,94
08.04.2003;2767,79
09.04.2003;2734,1
10.04.2003;2697,1
11.04.2003;2733,95
14.04.2003;2776,78
15.04.2003;2834,12
16.04.2003;2824,68
17.04.2003;2899,78
18.04.2003;2899,78
21.04.2003;2899,78
22.04.2003;2960,96
23.04.2003;2974,4
24.04.2003;2891,62
25.04.2003;2838,23
28.04.2003;2953,92
29.04.2003;2908,96
30.04.2003;2942,04
01.05.2003;2942,04
02.05.2003;2986
05.05.2003;3013,04
06.05.2003;3066,95
07.05.2003;3005,64
08.05.2003;2886,08
09.05.2003;2956,59
12.05.2003;2937,26
13.05.2003;2909,95
14.05.2003;2926,03
15.05.2003;2989,38
16.05.2003;2989,08
19.05.2003;2850,68
20.05.2003;2838,93
21.05.2003;2827,25
22.05.2003;2865,21
23.05.2003;2822,83
26.05.2003;2828,28
27.05.2003;2873,6
28.05.2003;2919,54
29.05.2003;2906,71
30.05.2003;2982,68
02.06.2003;3064,56
03.06.2003;3026,82
04.06.2003;3080,02
05.06.2003;3039,76
06.06.2003;3127,46
09.06.2003;3094,76
10.06.2003;3140,34
11.06.2003;3178,15
12.06.2003;3219,47
13.06.2003;3168,71
16.06.2003;3264,5
17.06.2003;3286,48
18.06.2003;3304,15
19.06.2003;3247,11
20.06.2003;3238,98
23.06.2003;3186,39
24.06.2003;3217,34
25.06.2003;3198,82
26.06.2003;3241,22
27.06.2003;3224,66
30.06.2003;3220,58
01.07.2003;3146,55
02.07.2003;3241,04
03.07.2003;3241,92
04.07.2003;3239,61
07.07.2003;3332,87
08.07.2003;3344,46
09.07.2003;3322,43
10.07.2003;3269,84
11.07.2003;3326,51
14.07.2003;3396,07
15.07.2003;3384,69
16.07.2003;3387,64
17.07.2003;3330,68
18.07.2003;3366,71
21.07.2003;3287
22.07.2003;3318,15
23.07.2003;3304,48
24.07.2003;3374,82
25.07.2003;3356,89
28.07.2003;3417,77
29.07.2003;3428,12
30.07.2003;3429,03
31.07.2003;3487,86
01.08.2003;3438,89
04.08.2003;3405,31
05.08.2003;3438,36
06.08.2003;3375,66
07.08.2003;3331,89
08.08.2003;3332,24
11.08.2003;3339,58
12.08.2003;3381,71
13.08.2003;3398,89
14.08.2003;3452,7
15.08.2003;3443,93
18.08.2003;3507,23
19.08.2003;3504,53
20.08.2003;3501,23
21.08.2003;3565,47
22.08.2003;3549,05
25.08.2003;3500,09
26.08.2003;3455,48
27.08.2003;3483,08
28.08.2003;3492,67
29.08.2003;3484,58
01.09.2003;3571,22
02.09.2003;3567,2
03.09.2003;3647,51
04.09.2003;3668,67
05.09.2003;3607,71
08.09.2003;3641,53
09.09.2003;3594,4
10.09.2003;3536,87
11.09.2003;3566,85
12.09.2003;3508,06
15.09.2003;3516,31
16.09.2003;3564,75
17.09.2003;3561,03
18.09.2003;3612,02
19.09.2003;3578,7
22.09.2003;3456,27
23.09.2003;3411,02
24.09.2003;3307,34
25.09.2003;3326,27
26.09.2003;3324,85
29.09.2003;3323,38
30.09.2003;3256,78
01.10.2003;3329,83
02.10.2003;3276,64
03.10.2003;3419
06.10.2003;3404,91
07.10.2003;3355,78
08.10.2003;3395,33
09.10.2003;3481,9
10.10.2003;3471,25
13.10.2003;3538,39
14.10.2003;3538,13
15.10.2003;3570,58
16.10.2003;3577,72
17.10.2003;3516,67
20.10.2003;3559,33
21.10.2003;3580,08
22.10.2003;3490,6
23.10.2003;3497,14
24.10.2003;3452,64
27.10.2003;3517,1
28.10.2003;3586,93
29.10.2003;3615,42
30.10.2003;3639,66
31.10.2003;3655,99
03.11.2003;3744,5
04.11.2003;3741,71
05.11.2003;3717,7
06.11.2003;3733,93
07.11.2003;3782,56
10.11.2003;3746,24
11.11.2003;3729,87
12.11.2003;3748,34
13.11.2003;3765,59
14.11.2003;3797,4
17.11.2003;3674,54
18.11.2003;3666,28
19.11.2003;3652,29
20.11.2003;3638,04
21.11.2003;3642,25
24.11.2003;3737,09
25.11.2003;3733,16
26.11.2003;3712,98
27.11.2003;3744,99
28.11.2003;3745,95
01.12.2003;3821,2
02.12.2003;3809,26
03.12.2003;3875,66
04.12.2003;3874,78
05.12.2003;3841,73
08.12.2003;3806,54
09.12.2003;3846,18
10.12.2003;3820,92
11.12.2003;3858,85
12.12.2003;3860,13
15.12.2003;3875,47
16.12.2003;3865,98
17.12.2003;3847,57
18.12.2003;3870,88
19.12.2003;3898,42
22.12.2003;3876,94
23.12.2003;3903,34
24.12.2003;3903,34
25.12.2003;3903,34
26.12.2003;3903,34
29.12.2003;3952,72
30.12.2003;3965,16
31.12.2003;3965,16
01.01.2004;3965,16
02.01.2004;4018,5
05.01.2004;4035,9
06.01.2004;4035,44
07.01.2004;4004,4
08.01.2004;4045,43
09.01.2004;4016,18
12.01.2004;3995,91
13.01.2004;3996,22
14.01.2004;4055,21
15.01.2004;4068,75
16.01.2004;4111,64
19.01.2004;4139,92
20.01.2004;4106,41
21.01.2004;4138,04
22.01.2004;4139,86
23.01.2004;4151,83
26.01.2004;4128,68
27.01.2004;4134,42
28.01.2004;4150,24
29.01.2004;4095,71
30.01.2004;4058,6
02.02.2004;4071,6
03.02.2004;4057,51
04.02.2004;4028,37
05.02.2004;4014,79
06.02.2004;4044,99
09.02.2004;4098,97
10.02.2004;4110,8
11.02.2004;4122,16
12.02.2004;4121,65
13.02.2004;4057,05
16.02.2004;4070,46
17.02.2004;4095,86
18.02.2004;4095,34
19.02.2004;4141,53
20.02.2004;4073,35
23.02.2004;4068,71
24.02.2004;3991,42
25.02.2004;3995,34
26.02.2004;4007,81
27.02.2004;4018,16
01.03.2004;4054,43
02.03.2004;4100,34
03.03.2004;4071,7
04.03.2004;4133,78
05.03.2004;4126,14
08.03.2004;4145,99
09.03.2004;4087,55
10.03.2004;4044,7
11.03.2004;3904,95
12.03.2004;3915,38
15.03.2004;3810,76
16.03.2004;3822,37
17.03.2004;3896,79
18.03.2004;3827,43
19.03.2004;3819,15
22.03.2004;3729,23
23.03.2004;3728,82
24.03.2004;3726,07
25.03.2004;3811,92
26.03.2004;3822,33
29.03.2004;3881,25
30.03.2004;3874,04
31.03.2004;3856,7
01.04.2004;3924,85
02.04.2004;4007,6
05.04.2004;4048,6
06.04.2004;4022,81
07.04.2004;4001,16
08.04.2004;4013,53
09.04.2004;4013,53
12.04.2004;4013,53
13.04.2004;4071,42
14.04.2004;4012,77
15.04.2004;4004,61
16.04.2004;4033,98
19.04.2004;4025,07
20.04.2004;4061,13
21.04.2004;4026,15
22.04.2004;4059,15
23.04.2004;4103,62
26.04.2004;4125,83
27.04.2004;4134,1
28.04.2004;4065,74
29.04.2004;4008,91
30.04.2004;3985,21
03.05.2004;4007,65
04.05.2004;3990,75
05.05.2004;4022,1
06.05.2004;3909,46
07.05.2004;3895,64
10.05.2004;3784,61
11.05.2004;3849,84
12.05.2004;3776,24
13.05.2004;3824,93
14.05.2004;3803,1
17.05.2004;3754,37
18.05.2004;3789,24
19.05.2004;3872,26
20.05.2004;3839,32
21.05.2004;3831,84
24.05.2004;3867,84
25.05.2004;3828,07
26.05.2004;3867,52
27.05.2004;3913,33
28.05.2004;3902,72
31.05.2004;3921,41
01.06.2004;3864,18
02.06.2004;3888,31
03.06.2004;3917,08
04.06.2004;3961,93
07.06.2004;4017,81
08.06.2004;4018,95
09.06.2004;3997,76
10.06.2004;4021,64
11.06.2004;4014,56
14.06.2004;3948,65
15.06.2004;3987,3
16.06.2004;4003,24
17.06.2004;3985,46
18.06.2004;3999,79
21.06.2004;3989,31
22.06.2004;3928,39
23.06.2004;3945,1
24.06.2004;4007,05
25.06.2004;4013,35
28.06.2004;4069,35
29.06.2004;4069,73
30.06.2004;4052,73
01.07.2004;4035,02
02.07.2004;3998,77
05.07.2004;3995,73
06.07.2004;3944,88
07.07.2004;3930,58
08.07.2004;3934,48
09.07.2004;3924,49
12.07.2004;3893,24
13.07.2004;3903,88
14.07.2004;3898,84
15.07.2004;3847,19
16.07.2004;3845,93
19.07.2004;3812,63
20.07.2004;3837,6
21.07.2004;3877,48
22.07.2004;3801,05
23.07.2004;3797,33
26.07.2004;3752,59
27.07.2004;3814,08
28.07.2004;3807,21
29.07.2004;3889,68
30.07.2004;3895,61
02.08.2004;3862,71
03.08.2004;3877,32
04.08.2004;3823,74
05.08.2004;3829,03
06.08.2004;3727,74
09.08.2004;3690,33
10.08.2004;3720,64
11.08.2004;3678,91
12.08.2004;3658,11
13.08.2004;3646,99
16.08.2004;3699,11
17.08.2004;3705,73
18.08.2004;3726,5
19.08.2004;3722,99
20.08.2004;3712,61
23.08.2004;3772,14
24.08.2004;3771
25.08.2004;3788,88
26.08.2004;3832,28
27.08.2004;3851,18
30.08.2004;3838,85
31.08.2004;3785,21
01.09.2004;3817,62
02.09.2004;3833,45
03.09.2004;3866,99
06.09.2004;3887,58
07.09.2004;3889,04
08.09.2004;3884,16
09.09.2004;3851,22
10.09.2004;3886,03
13.09.2004;3953,31
14.09.2004;3947,75
15.09.2004;3941,75
16.09.2004;3963,65
17.09.2004;3988,07
20.09.2004;3977,68
21.09.2004;3991,02
22.09.2004;3942,35
23.09.2004;3905,66
24.09.2004;3910,3
27.09.2004;3874,37
28.09.2004;3882,27
29.09.2004;3920,36
30.09.2004;3892,9
01.10.2004;3994,96
04.10.2004;4033,28
05.10.2004;4048,71
06.10.2004;4049,66
07.10.2004;4043,36
08.10.2004;4015,54
11.10.2004;4017,82
12.10.2004;3966,48
13.10.2004;3976,03
14.10.2004;3940,46
15.10.2004;3922,11
18.10.2004;3915,17
19.10.2004;3964,13
20.10.2004;3912,4
21.10.2004;3934,06
22.10.2004;3935,14
25.10.2004;3854,41
26.10.2004;3862,26
27.10.2004;3929,03
28.10.2004;3959,59
29.10.2004;3960,25
01.11.2004;4012,64
02.11.2004;4037,57
03.11.2004;4039,04
04.11.2004;4041,38
05.11.2004;4063,58
08.11.2004;4068,97
09.11.2004;4065,33
10.11.2004;4089,13
11.11.2004;4130,81
12.11.2004;4143,35
15.11.2004;4134,34
16.11.2004;4117,22
17.11.2004;4183,41
18.11.2004;4178,68
19.11.2004;4134,89
22.11.2004;4123,98
23.11.2004;4113,37
24.11.2004;4125,3
25.11.2004;4160,35
26.11.2004;4154,27
29.11.2004;4146,98
30.11.2004;4126
01.12.2004;4186,03
02.12.2004;4216,4
03.12.2004;4208,87
06.12.2004;4193,91
07.12.2004;4212,62
08.12.2004;4201,35
09.12.2004;4150,41
10.12.2004;4174,55
13.12.2004;4219,24
14.12.2004;4231,3
15.12.2004;4213,69
16.12.2004;4233,71
17.12.2004;4182,27
20.12.2004;4211,55
21.12.2004;4214,39
22.12.2004;4241,28
23.12.2004;4251,62
24.12.2004;4251,62
27.12.2004;4235,36
28.12.2004;4261,79
29.12.2004;4247,75
30.12.2004;4256,08
31.12.2004;4256,08
03.01.2005;4291,53
04.01.2005;4290,5
05.01.2005;4258,24
06.01.2005;4300,94
07.01.2005;4316,4
10.01.2005;4307,37
11.01.2005;4258,01
12.01.2005;4208,82
13.01.2005;4212,14
14.01.2005;4232,36
17.01.2005;4245,51
18.01.2005;4250,71
19.01.2005;4245,55
20.01.2005;4220,43
21.01.2005;4213,7
24.01.2005;4201,89
25.01.2005;4233,95
26.01.2005;4214,12
27.01.2005;4216,41
28.01.2005;4201,81
31.01.2005;4254,85
01.02.2005;4279,97
02.02.2005;4296,31
03.02.2005;4281,64
04.02.2005;4339,28
07.02.2005;4366,35
08.02.2005;4371,39
09.02.2005;4353,15
10.02.2005;4342,01
11.02.2005;4387,8
14.02.2005;4386,4
15.02.2005;4402,03
16.02.2005;4368,77
17.02.2005;4369,68
18.02.2005;4359,47
21.02.2005;4353,34
22.02.2005;4323,21
23.02.2005;4310,66
24.02.2005;4304,29
25.02.2005;4348,64
28.02.2005;4350,49
01.03.2005;4383,62
02.03.2005;4393,43
03.03.2005;4373,27
04.03.2005;4423,52
07.03.2005;4428,09
08.03.2005;4396,5
09.03.2005;4375,6
10.03.2005;4337,68
11.03.2005;4360,49
14.03.2005;4367,3
15.03.2005;4387,69
16.03.2005;4309,11
17.03.2005;4315,92
18.03.2005;4327,18
21.03.2005;4296,36
22.03.2005;4320,69
23.03.2005;4317,2
24.03.2005;4343,6
25.03.2005;4343,6
28.03.2005;4343,6
29.03.2005;4351,89
30.03.2005;4347,52
31.03.2005;4348,77
01.04.2005;4373,53
04.04.2005;4341,39
05.04.2005;4362,61
06.04.2005;4379,18
07.04.2005;4389,52
08.04.2005;4400,68
11.04.2005;4396,09
12.04.2005;4372,12
13.04.2005;4405,69
14.04.2005;4402,05
15.04.2005;4312,25
18.04.2005;4202,2
19.04.2005;4204,61
20.04.2005;4178,62
21.04.2005;4193,7
22.04.2005;4223,04
25.04.2005;4246,96
26.04.2005;4233,76
27.04.2005;4189,02
28.04.2005;4178,1
29.04.2005;4184,84
02.05.2005;4224,02
03.05.2005;4245,54
04.05.2005;4264,35
05.05.2005;4299,51
06.05.2005;4311,06
09.05.2005;4292,41
10.05.2005;4251,13
11.05.2005;4244,16
12.05.2005;4267,05
13.05.2005;4275,7
16.05.2005;4262,18
17.05.2005;4251,77
18.05.2005;4324,6
19.05.2005;4360,42
20.05.2005;4360,68
23.05.2005;4406,95
24.05.2005;4396,64
25.05.2005;4389,54
26.05.2005;4436,6
27.05.2005;4444,71
30.05.2005;4480,43
31.05.2005;4460,63
01.06.2005;4527,17
02.06.2005;4532,17
03.06.2005;4510,39
06.06.2005;4497,26
07.06.2005;4566,01
08.06.2005;4557,29
09.06.2005;4562,75
10.06.2005;4586,1
13.06.2005;4599,21
14.06.2005;4591,69
15.06.2005;4548,42
16.06.2005;4579,87
17.06.2005;4604,57
20.06.2005;4586,86
21.06.2005;4608,11
22.06.2005;4619,6
23.06.2005;4627,48
24.06.2005;4566,48
27.06.2005;4523,82
28.06.2005;4557,46
29.06.2005;4583,63
30.06.2005;4586,28
01.07.2005;4617,07
04.07.2005;4623,41
05.07.2005;4603,65
06.07.2005;4615,49
07.07.2005;4530,18
08.07.2005;4597,97
11.07.2005;4663,38
12.07.2005;4653,03
13.07.2005;4679,89
14.07.2005;4699,27
15.07.2005;4712,9
18.07.2005;4719,57
19.07.2005;4770,54
20.07.2005;4784,5
21.07.2005;4829,87
22.07.2005;4836,9
25.07.2005;4842,7
26.07.2005;4843,49
27.07.2005;4855,35
28.07.2005;4892,5
29.07.2005;4886,5
01.08.2005;4890,85
02.08.2005;4932,87
03.08.2005;4923,12
04.08.2005;4874,06
05.08.2005;4827,18
08.08.2005;4837,86
09.08.2005;4909,48
10.08.2005;4990,57
11.08.2005;4953,93
12.08.2005;4937,33
15.08.2005;4922,34
16.08.2005;4883,81
17.08.2005;4871,46
18.08.2005;4851,27
19.08.2005;4929,91
22.08.2005;4941,69
23.08.2005;4917,74
24.08.2005;4915,95
25.08.2005;4856,01
26.08.2005;4783,8
29.08.2005;4812,24
30.08.2005;4791,72
31.08.2005;4829,69
01.09.2005;4842,94
02.09.2005;4837,81
05.09.2005;4909,89
06.09.2005;4968,28
07.09.2005;4988,14
08.09.2005;4992,75
09.09.2005;5005,93
12.09.2005;4989,98
13.09.2005;4901,88
14.09.2005;4911,17
15.09.2005;4905,98
16.09.2005;4986,5
19.09.2005;4926,13
20.09.2005;4962,86
21.09.2005;4875,22
22.09.2005;4849,01
23.09.2005;4882,58
26.09.2005;4998,16
27.09.2005;4965,88
28.09.2005;5048,74
29.09.2005;5021,17
30.09.2005;5044,12
03.10.2005;5082,07
04.10.2005;5138,02
05.10.2005;5069,42
06.10.2005;5017,27
07.10.2005;5007,77
10.10.2005;5022,79
11.10.2005;5032,46
12.10.2005;4981,77
13.10.2005;4950,07
14.10.2005;4975,56
17.10.2005;4978,83
18.10.2005;4947,18
19.10.2005;4845,98
20.10.2005;4864,25
21.10.2005;4838,4
24.10.2005;4901,79
25.10.2005;4872,97
26.10.2005;4900,79
27.10.2005;4806,05
28.10.2005;4825,64
31.10.2005;4929,07
01.11.2005;4922,55
02.11.2005;4954,83
03.11.2005;5011
04.11.2005;4995,24
07.11.2005;5024,2
08.11.2005;5008,83
09.11.2005;5011,38
10.11.2005;5015,55
11.11.2005;5090,75
14.11.2005;5092,43
15.11.2005;5110,61
16.11.2005;5081,46
17.11.2005;5099,72
18.11.2005;5123,5
21.11.2005;5170,61
22.11.2005;5174,72
23.11.2005;5196,08
24.11.2005;5187,98
25.11.2005;5194,27
28.11.2005;5176,59
29.11.2005;5199,48
30.11.2005;5193,4
01.12.2005;5266,55
02.12.2005;5307,99
05.12.2005;5266,86
06.12.2005;5300,85
07.12.2005;5266,75
08.12.2005;5286,75
09.12.2005;5282,13
12.12.2005;5301,21
13.12.2005;5310,28
14.12.2005;5286,76
15.12.2005;5295,82
16.12.2005;5353,66
19.12.2005;5350,18
20.12.2005;5356,6
21.12.2005;5397,23
22.12.2005;5398,28
23.12.2005;5419,05
26.12.2005;5419,05
27.12.2005;5444,84
28.12.2005;5447,15
29.12.2005;5458,58
30.12.2005;5408,26
02.01.2006;5449,98
03.01.2006;5460,68
04.01.2006;5523,62
05.01.2006;5516,53
06.01.2006;5536,32
09.01.2006;5537,11
10.01.2006;5494,71
11.01.2006;5532,89
12.01.2006;5542,13
13.01.2006;5483,09
16.01.2006;5514,64
17.01.2006;5460,16
18.01.2006;5395,61
19.01.2006;5430,84
20.01.2006;5349,02
23.01.2006;5348,72
24.01.2006;5334,3
25.01.2006;5427,09
26.01.2006;5548,91
27.01.2006;5647,42
30.01.2006;5660,03
31.01.2006;5674,15
01.02.2006;5726,53
02.02.2006;5649,6
03.02.2006;5657,12
06.02.2006;5666,78
07.02.2006;5672,92
08.02.2006;5666,41
09.02.2006;5743,68
10.02.2006;5701,47
13.02.2006;5756,33
14.02.2006;5763,4
15.02.2006;5764,37
16.02.2006;5789,25
17.02.2006;5795,48
20.02.2006;5793,95
21.02.2006;5801,04
22.02.2006;5862,06
23.02.2006;5857,88
24.02.2006;5870,79
27.02.2006;5915,15
28.02.2006;5796,04
01.03.2006;5866,61
02.03.2006;5783,49
03.03.2006;5721,46
06.03.2006;5754,06
07.03.2006;5739,28
08.03.2006;5673,36
09.03.2006;5732,22
10.03.2006;5804,92
13.03.2006;5855,16
14.03.2006;5870,88
15.03.2006;5898,48
16.03.2006;5897,79
17.03.2006;5882,38
20.03.2006;5902,79
21.03.2006;5911,86
22.03.2006;5932,31
23.03.2006;5947,11
24.03.2006;5973,14
27.03.2006;5912,26
28.03.2006;5890,63
29.03.2006;5914,78
30.03.2006;5984,19
31.03.2006;5970,08
03.04.2006;6024,05
04.04.2006;6013,85
05.04.2006;6029,2
06.04.2006;6031,39
07.04.2006;5952,92
10.04.2006;6003,4
11.04.2006;5908,47
12.04.2006;5901,25
13.04.2006;5918,57
14.04.2006;5918,57
17.04.2006;5918,57
18.04.2006;5902,58
19.04.2006;5993,76
20.04.2006;6063,28
21.04.2006;6094,75
24.04.2006;6079,09
25.04.2006;6078,8
26.04.2006;6107,12
27.04.2006;6067,74
28.04.2006;6009,89
01.05.2006;6009,89
02.05.2006;6051,29
03.05.2006;5968,96
04.05.2006;6039,32
05.05.2006;6113,29
08.05.2006;6127,98
09.05.2006;6140,72
10.05.2006;6118,38
11.05.2006;6054,72
12.05.2006;5916,28
15.05.2006;5857,03
16.05.2006;5851,92
17.05.2006;5652,72
18.05.2006;5666,07
19.05.2006;5672,28
22.05.2006;5546,24
23.05.2006;5678,49
24.05.2006;5587,23
25.05.2006;5706,06
26.05.2006;5788,36
29.05.2006;5755,02
30.05.2006;5622,43
31.05.2006;5692,86
01.06.2006;5707,59
02.06.2006;5687,04
05.06.2006;5621,19
06.06.2006;5502,81
07.06.2006;5543,93
08.06.2006;5383,28
09.06.2006;5464,08
12.06.2006;5395,55
13.06.2006;5292,14
14.06.2006;5305,99
15.06.2006;5422,22
16.06.2006;5376,01
19.06.2006;5439,23
20.06.2006;5493,61
21.06.2006;5503,41
22.06.2006;5533,42
23.06.2006;5529,74
26.06.2006;5514,63
27.06.2006;5459,15
28.06.2006;5456,87
29.06.2006;5581,67
30.06.2006;5683,31
03.07.2006;5712,69
04.07.2006;5729,01
05.07.2006;5625,63
06.07.2006;5695,47
07.07.2006;5681,85
10.07.2006;5706,32
11.07.2006;5616,04
12.07.2006;5637,82
13.07.2006;5527,29
14.07.2006;5422,22
17.07.2006;5416,96
18.07.2006;5396,85
19.07.2006;5539,29
20.07.2006;5545,82
21.07.2006;5451,01
24.07.2006;5578,05
25.07.2006;5565,76
26.07.2006;5583,1
27.07.2006;5659,07
28.07.2006;5705,42
31.07.2006;5681,97
01.08.2006;5596,74
02.08.2006;5680,82
03.08.2006;5640,03
04.08.2006;5723,03
07.08.2006;5626,67
08.08.2006;5651,92
09.08.2006;5702,81
10.08.2006;5630,96
11.08.2006;5628,37
14.08.2006;5692
15.08.2006;5776,8
16.08.2006;5812,94
17.08.2006;5833,51
18.08.2006;5817,02
21.08.2006;5794,83
22.08.2006;5818,41
23.08.2006;5775,54
24.08.2006;5814,08
25.08.2006;5811,47
28.08.2006;5854,99
29.08.2006;5847,02
30.08.2006;5867,53
31.08.2006;5859,57
01.09.2006;5876,54
04.09.2006;5909,72
05.09.2006;5884,07
06.09.2006;5813,06
07.09.2006;5773,72
08.09.2006;5795,26
11.09.2006;5798,46
12.09.2006;5873,85
13.09.2006;5906,12
14.09.2006;5907,37
15.09.2006;5937,87
18.09.2006;5926,33
19.09.2006;5873,46
20.09.2006;5954,38
21.09.2006;5962,03
22.09.2006;5883,32
25.09.2006;5901,66
26.09.2006;5960,63
27.09.2006;5989,71
28.09.2006;5989,16
29.09.2006;6004,33
02.10.2006;5999,46
03.10.2006;5992,22
04.10.2006;6046,37
05.10.2006;6075,28
06.10.2006;6085,82
09.10.2006;6084,4
10.10.2006;6117,71
11.10.2006;6119,45
12.10.2006;6160,28
13.10.2006;6173,68
16.10.2006;6186,54
17.10.2006;6115,1
18.10.2006;6182,78
19.10.2006;6177,42
20.10.2006;6202,82
23.10.2006;6242,91
24.10.2006;6247,52
25.10.2006;6264,92
26.10.2006;6284,19
27.10.2006;6262,54
30.10.2006;6258,19
31.10.2006;6268,92
01.11.2006;6291,9
02.11.2006;6223,33
03.11.2006;6241,15
06.11.2006;6330,65
07.11.2006;6361,96
08.11.2006;6349,26
09.11.2006;6358,68
10.11.2006;6357,77
13.11.2006;6393,73
14.11.2006;6387,38
15.11.2006;6430,89
16.11.2006;6443,02
17.11.2006;6412,36
20.11.2006;6452,33
21.11.2006;6460,39
22.11.2006;6476,13
23.11.2006;6475,25
24.11.2006;6411,96
27.11.2006;6298,17
28.11.2006;6281,68
29.11.2006;6363,8
30.11.2006;6309,19
01.12.2006;6241,13
04.12.2006;6295,23
05.12.2006;6372,8
06.12.2006;6369,51
07.12.2006;6413,03
08.12.2006;6427,41
11.12.2006;6469,42
12.12.2006;6476,17
13.12.2006;6520,77
14.12.2006;6552,58
15.12.2006;6588,83
18.12.2006;6597,25
19.12.2006;6553,51
20.12.2006;6586,91
21.12.2006;6573,96
22.12.2006;6503,13
25.12.2006;6503,13
26.12.2006;6503,13
27.12.2006;6608,86
28.12.2006;6611,81
29.12.2006;6596,92
01.01.2007;6596,92
02.01.2007;6681,13
03.01.2007;6691,32
04.01.2007;6674,4
05.01.2007;6593,09
08.01.2007;6607,59
09.01.2007;6614,37
10.01.2007;6566,56
11.01.2007;6687,3
12.01.2007;6705,17
15.01.2007;6731,74
16.01.2007;6716,82
17.01.2007;6701,7
18.01.2007;6689,62
